{
  "fold_summaries": [
    {
      "test_fold": 0,
      "val_fold": 1,
      "best_method_selected_on_val": "trim10",
      "best_stage": "frozen",
      "best_epoch": 2,
      "val_metrics_best_method": {
        "mae": 22.29942883069296,
        "rmse": 29.80012965434899,
        "r2": 0.8548538184133732,
        "pearson_r": 0.9655929439038273,
        "underestimation_rate": 0.3157894736842105,
        "hi_n": 4,
        "hi_MAE": 44.174827209044,
        "hi_under_rate": 0.75
      },
      "test_metrics_best_method": {
        "mae": 30.665153543799562,
        "rmse": 40.91215268250713,
        "r2": 0.7318747372992052,
        "pearson_r": 0.8866264109988267,
        "underestimation_rate": 0.5263157894736842,
        "hi_n": 5,
        "hi_MAE": 55.51116239553103,
        "hi_under_rate": 1.0
      },
      "val_metrics_all_methods": {
        "mean": {
          "mae": 22.423355147790794,
          "rmse": 29.8638922449769,
          "r2": 0.8542320226091071,
          "pearson_r": 0.9650698511657594,
          "underestimation_rate": 0.3157894736842105,
          "hi_n": 4,
          "hi_MAE": 44.49193597717966,
          "hi_under_rate": 0.75
        },
        "median": {
          "mae": 22.73950918636724,
          "rmse": 29.84133209360772,
          "r2": 0.8544521751243961,
          "pearson_r": 0.9655085718786052,
          "underestimation_rate": 0.3157894736842105,
          "hi_n": 4,
          "hi_MAE": 43.01415958654841,
          "hi_under_rate": 0.75
        },
        "trim10": {
          "mae": 22.29942883069296,
          "rmse": 29.80012965434899,
          "r2": 0.8548538184133732,
          "pearson_r": 0.9655929439038273,
          "underestimation_rate": 0.3157894736842105,
          "hi_n": 4,
          "hi_MAE": 44.174827209044,
          "hi_under_rate": 0.75
        },
        "huber": {
          "mae": 22.34507787862017,
          "rmse": 29.734478855870165,
          "r2": 0.855492638881429,
          "pearson_r": 0.9653009676564956,
          "underestimation_rate": 0.2631578947368421,
          "hi_n": 4,
          "hi_MAE": 43.38383275871298,
          "hi_under_rate": 0.75
        }
      },
      "test_metrics_all_methods": {
        "mean": {
          "mae": 30.866950671021037,
          "rmse": 41.007239741191896,
          "r2": 0.7306269481394598,
          "pearson_r": 0.8859952275457633,
          "underestimation_rate": 0.5263157894736842,
          "hi_n": 5,
          "hi_MAE": 55.77227444843288,
          "hi_under_rate": 1.0
        },
        "median": {
          "mae": 30.228896786947487,
          "rmse": 40.77307122586035,
          "r2": 0.7336946300979459,
          "pearson_r": 0.8889871519472943,
          "underestimation_rate": 0.5263157894736842,
          "hi_n": 5,
          "hi_MAE": 55.46096773240864,
          "hi_under_rate": 1.0
        },
        "trim10": {
          "mae": 30.665153543799562,
          "rmse": 40.91215268250713,
          "r2": 0.7318747372992052,
          "pearson_r": 0.8866264109988267,
          "underestimation_rate": 0.5263157894736842,
          "hi_n": 5,
          "hi_MAE": 55.51116239553103,
          "hi_under_rate": 1.0
        },
        "huber": {
          "mae": 30.38516332322917,
          "rmse": 40.78012431447261,
          "r2": 0.7336024889974033,
          "pearson_r": 0.8870584472755771,
          "underestimation_rate": 0.5263157894736842,
          "hi_n": 5,
          "hi_MAE": 55.01326303910203,
          "hi_under_rate": 1.0
        }
      }
    },
    {
      "test_fold": 1,
      "val_fold": 2,
      "best_method_selected_on_val": "mean",
      "best_stage": "finetune",
      "best_epoch": 1,
      "val_metrics_best_method": {
        "mae": 18.402804717944473,
        "rmse": 25.606058456695752,
        "r2": 0.7744438185512659,
        "pearson_r": 0.9173160240220685,
        "underestimation_rate": 0.4444444444444444,
        "hi_n": 2,
        "hi_MAE": 50.44746417129154,
        "hi_under_rate": 1.0
      },
      "test_metrics_best_method": {
        "mae": 14.225785767715646,
        "rmse": 17.66027248878892,
        "r2": 0.9490241955341802,
        "pearson_r": 0.9867845834797226,
        "underestimation_rate": 0.3157894736842105,
        "hi_n": 4,
        "hi_MAE": 19.378011152623927,
        "hi_under_rate": 0.75
      },
      "val_metrics_all_methods": {
        "mean": {
          "mae": 18.402804717944473,
          "rmse": 25.606058456695752,
          "r2": 0.7744438185512659,
          "pearson_r": 0.9173160240220685,
          "underestimation_rate": 0.4444444444444444,
          "hi_n": 2,
          "hi_MAE": 50.44746417129154,
          "hi_under_rate": 1.0
        },
        "median": {
          "mae": 18.42447659288597,
          "rmse": 25.49115351064304,
          "r2": 0.7764636037987134,
          "pearson_r": 0.9184125336434701,
          "underestimation_rate": 0.4444444444444444,
          "hi_n": 2,
          "hi_MAE": 49.83168640624662,
          "hi_under_rate": 1.0
        },
        "trim10": {
          "mae": 18.51002947412083,
          "rmse": 25.737981246037908,
          "r2": 0.7721136940350951,
          "pearson_r": 0.9159049757019682,
          "underestimation_rate": 0.4444444444444444,
          "hi_n": 2,
          "hi_MAE": 50.34663585312178,
          "hi_under_rate": 1.0
        },
        "huber": {
          "mae": 18.42915273107758,
          "rmse": 25.708007236730328,
          "r2": 0.7726441698912015,
          "pearson_r": 0.9151569026849133,
          "underestimation_rate": 0.4444444444444444,
          "hi_n": 2,
          "hi_MAE": 49.772027975379544,
          "hi_under_rate": 1.0
        }
      },
      "test_metrics_all_methods": {
        "mean": {
          "mae": 14.225785767715646,
          "rmse": 17.66027248878892,
          "r2": 0.9490241955341802,
          "pearson_r": 0.9867845834797226,
          "underestimation_rate": 0.3157894736842105,
          "hi_n": 4,
          "hi_MAE": 19.378011152623927,
          "hi_under_rate": 0.75
        },
        "median": {
          "mae": 14.172774344701656,
          "rmse": 18.136354855632977,
          "r2": 0.9462387575429894,
          "pearson_r": 0.9852721510842307,
          "underestimation_rate": 0.3157894736842105,
          "hi_n": 4,
          "hi_MAE": 18.33347713465833,
          "hi_under_rate": 0.75
        },
        "trim10": {
          "mae": 14.099608404633763,
          "rmse": 17.62991258834634,
          "r2": 0.9491993106222347,
          "pearson_r": 0.9865308481120058,
          "underestimation_rate": 0.3157894736842105,
          "hi_n": 4,
          "hi_MAE": 18.743709588375545,
          "hi_under_rate": 0.75
        },
        "huber": {
          "mae": 14.011064213672652,
          "rmse": 17.793133111007634,
          "r2": 0.9482543146631606,
          "pearson_r": 0.9859902375557811,
          "underestimation_rate": 0.3157894736842105,
          "hi_n": 4,
          "hi_MAE": 18.106047745859982,
          "hi_under_rate": 0.75
        }
      }
    },
    {
      "test_fold": 2,
      "val_fold": 3,
      "best_method_selected_on_val": "median",
      "best_stage": "finetune",
      "best_epoch": 4,
      "val_metrics_best_method": {
        "mae": 22.822822796736197,
        "rmse": 30.874643820880372,
        "r2": 0.7573912043150791,
        "pearson_r": 0.9058668928634265,
        "underestimation_rate": 0.3333333333333333,
        "hi_n": 7,
        "hi_MAE": 33.16083368458117,
        "hi_under_rate": 0.5714285714285714
      },
      "test_metrics_best_method": {
        "mae": 19.00073494110601,
        "rmse": 26.444941713700267,
        "r2": 0.7594227951504117,
        "pearson_r": 0.8734270224382108,
        "underestimation_rate": 0.3333333333333333,
        "hi_n": 2,
        "hi_MAE": 40.86201069870424,
        "hi_under_rate": 0.5
      },
      "val_metrics_all_methods": {
        "mean": {
          "mae": 23.36820847576972,